"Board_Acronym","ObjectiveID","Date","RAG","Update","Return_to_Green"
"FERA","PBS1.1","30/05/2025","Green",NA,""
"FERA","PBS1.5","30/05/2025","Green",NA,""
"PHORB","PBS1.1","09/08/2025","Complete","test","tets"
"PHPB","PBS1.1","01/07/2025","Red","getting worserer",""
"PHPB","PBS1.1","02/07/2025","Red","getting worse",""
"PHPB","PBS1.1","07/08/2025","Red","slightly better1234",""
"PHPB","PBS1.1","09/08/2025","Complete","test","tets"
"PHPB","PBS1.1","16/07/2025","Amber","slightly better1234",""
"PHPB","PBS1.1","30/05/2025","Red","this is the latest","testing this"
"PHPB","PBS1.1","30/05/2025","Red","we were red","rebaseline plan cos that always works"
"PHPB","PBS1.1","30/05/2025","Amber",NA,""
"PHPB","PBS1.1","30/05/2025","Amber","this is the latest",""
"PHPB","PBS1.1","30/05/2025","Green","got back to green",""
"PHPB","PBS1.1","30/05/2025","Amber","getting worse - who knew","get better at our job"
"PHPB","PBS1.1","30/06/2025","Green","back to greeen",""
"PHPB","PBS1.2","06/09/2025","Red","testing date saving 06/09/25",""
"PHPB","PBS1.2","07/08/2025","Green","we are making progress - test",""
"PHPB","PBS1.2","09/08/2025","Green","testing this",""
"PHPB","PBS1.5","01/07/2025","Red","tetsi8nhg again",""
